<?xml version="1.0" encoding="UTF-8"?>
<project-private xmlns="http://www.netbeans.org/ns/project-private/1">
    <editor-bookmarks xmlns="http://www.netbeans.org/ns/editor-bookmarks/2" lastBookmarkId="0"/>
    <open-files xmlns="http://www.netbeans.org/ns/projectui-open-files/2">
        <group>
            <file>file:/C:/Users/mmss2/Desktop/New%20folder/New%20folder/Fwd_firstproject_invoices/Fwd_firstproject_invoices/src/com/mycompany/Fwd_firstproject_invoices/view/HeaderDialog.java</file>
            <file>file:/C:/Users/mmss2/Desktop/New%20folder/New%20folder/Fwd_firstproject_invoices/Fwd_firstproject_invoices/src/com/mycompany/Fwd_firstproject_invoices/controls/ActionsListener.java</file>
            <file>file:/C:/Users/mmss2/Desktop/New%20folder/New%20folder/Fwd_firstproject_invoices/Fwd_firstproject_invoices/src/com/mycompany/Fwd_firstproject_invoices/view/LinesDialog.java</file>
        </group>
    </open-files>
</project-private>
